IsActiveMember,Churn_Rate
0.0,29.70863244254087
1.0,12.53454089520262
