AgeGroup,Churn_Rate
<20,8.383233532934131
20-30,8.262118364597
30-40,12.038515623137974
40-50,38.8131666846245
50-60,60.85860858608586
>60,31.42430278884462
