BalanceCategory,Churn_Rate
Zero (≤0),16.1654470819204
Low (0-50K),29.756097560975608
Medium (50K-100K),21.658694428812606
High (100K-150K),29.08195649246985
Very High (>150K),24.169823935814573
