HasCrCard,Churn_Rate
0.0,22.742944392454316
1.0,20.64326357411515
