NumOfProducts,Churn_Rate
1,34.71191873239072
2,6.0421634575458825
3,88.25155494125777
4,87.57894736842105
