Tenure,Churn_Rate
0,25.48432194927102
1,22.613365155131266
2,19.48462177888612
3,22.91040288634997
4,22.638714822832405
5,22.006022700949735
6,19.87738591834155
7,18.759124087591243
8,19.794520547945204
9,21.210126279250705
10,21.272634963614827
